{
    "loss": 28.905637741088867,
    "accuracy": 0.5179855823516846
}